clave,desc,exist_parcial,existencia,precio_c,precio_v,valor_c,valor_v
HILFIL19661-21,150/48 DTY 100% POLIESTER SD NIM C/CH NEGRO,0.0,636.66,40.0,56.84,25466.399999999998,36187.7544
HILFIL81173-21,150/48 DTY 100% POLIESTER SD NIM C/G NEGRO,0.0,8262.1,30.0,45.24,247863.0,373777.40400000004
HILFIL64105-21,150/48 DTY 100% POLIESTER SD HIM C/G NEGRO,0.0,1368.87,34.0,46.4,46541.579999999994,63515.56799999999
HILFIL96421-21,150/48 DTY 100% POLIESTER SD HIM C/CH NEGRO,0.0,16.61,53.8,58.0,893.6179999999999,963.38
HILFIL11189-22,150/48 DTY 100% POLIESTER SD NIM C/G GRIS,0.0,4650.4,40.0,71.92,186016.0,334456.768
HILFIL11189-23,150/48 DTY 100% POLIESTER SD NIM C/G MARINO,0.0,2367.03,40.0,71.92,94681.20000000001,170236.79760000002
HILFIL11189-24,150/48 DTY 100% POLIESTER SD NIM C/G BEIGE VAL,0.0,626.69,40.0,66.12,25067.600000000002,41436.74280000001
HILFIL11189-25,150/48 DTY 100% POLIESTER SD NIM C/G ROJO 13,0.0,1055.71,40.0,71.92,42228.4,75926.66320000001
HILFIL11189-26,150/48 DTY 100% POLIESTER SD NIM C/G SUGAR,0.0,2480.38,40.0,66.12,99215.20000000001,164002.7256
HILFIL11189-27,150/48 DTY 100% POLIESTER SD NIM C/G ROSA,0.0,1258.95,40.0,66.12,50358.0,83241.774
HILFIL71636-22,150/48 DTY 100% POLIESTER SD NIM C/CH GRIS,0.0,0.0,77.0,83.52,0.0,0.0
HILFIL71636-23,150/48 DTY 100% POLIESTER SD NIM C/CH MARINO,0.0,817.71,77.0,83.52,62963.670000000006,68295.1392
HILFIL71636-24,150/48 DTY 100% POLIESTER SD NIM C/CH BEIGE,0.0,605.77,77.0,77.72,46644.29,47080.4444
HILFIL71636-25,150/48 DTY 100% POLIESTER SD NIM C/CH ROJO 13,0.0,222.25,77.0,83.52,17113.25,18562.32
HILFIL71636-26,150/48 DTY 100% POLIESTER SD NIM C/CH SUGAR,0.0,51.21,77.0,77.72,3943.17,3980.0412
HILFIL71636-27,150/48 DTY 100% POLIESTER SD NIM C/CH ROSA,0.0,102.72,77.0,77.72,7909.44,7983.3984
HILFIL11189-28,150/48 DTY 100% POLIESTER SD NIM C/G,0.0,0.0,40.0,71.92,0.0,0.0
HILFIL11189-29,150/48 DTY 100% POLIESTER SD NIM C/G FIUSHA,0.0,1647.17,40.0,71.92,65886.8,118464.4664
HILFIL71636-29,150/48 DTY 100% POLIESTER SD NIM C/CH FIUSHA,0.0,343.56,77.0,83.52,26454.12,28694.1312
HILFIL71636-28,150/48 DTY 100% POLIESTER SD NIM C/CH,0.0,0.0,77.0,83.52,0.0,0.0
HILFIL71636-30,150/48 DTY 100% POLIESTER SD NIM C/CH MARINO,0.0,0.0,77.0,83.52,0.0,0.0
HILFIL11189-30,150/48 DTY 100% POLIESTER SD NIM C/G MARINO,0.0,11.7,40.0,71.92,468.0,841.4639999999999
HILFIL11189-31,150/48 DTY 100% POLIESTER SD NIM C/G CANARIO,0.0,0.0,40.0,71.92,0.0,0.0
HILFIL71636-31,150/48 DTY 100% POLIESTER SD NIM C/CH,0.0,0.0,77.0,83.52,0.0,0.0
HILFIL32519-32,150/48 DTY 100% POLIESTER SD NIM CRUDO,0.0,19912.6,35.0,42.92,696941.0,854648.792
HILFIL48080-32,150/48/2 DTY 100% POLIESTER SD HIM CRUDO,0.0,42.08,40.0,45.24,1683.1999999999998,1903.6992
HILFIL71636-33,150/48 DTY 100% POLIESTER SD NIM C/CH REY,0.0,174.37,77.0,83.52,13426.49,14563.3824
HILFIL11189-33,150/48 DTY 100% POLIESTER SD NIM C/G REY,0.0,1595.5,40.0,71.92,63820.0,114748.36
HILFIL38413-21,150/48+20 DTY 100% POLIESTER SD TANG NEGRO,0.0,10126.4599,50.0,61.48,506322.995,622574.7546519999
HILFIL24576-20,150/48 DTY 100% POLIESTER SD NIM C/CH BLANCO,0.0,0.27,59.6,64.96,16.092000000000002,17.5392
HILFIL17721-20,150/48 DTY 100% POLIESTER SD NIM C/G BLANCO,0.0,4.5,40.0,53.36,180.0,240.12
HILFIL11189-34,150/48 DTY 100% POLIESTER SD NIM C/G,0.0,1368.37,40.0,66.12,54734.799999999996,90476.6244
HILFIL11189-35,150/48 DTY 100% POLIESTER SD NIM C/G GRIS,0.0,1964.11,40.0,71.92,78564.4,141258.7912
HILFIL11189-36,150/48 DTY 100% POLIESTER SD NIM C/G GRANATE,0.0,3966.62,40.0,71.92,158664.8,285279.3104
HILFIL11189-37,150/48 DTY 100% POLIESTER SD NIM C/G ARENA,0.0,1157.73,40.0,66.12,46309.2,76549.1076
HILFIL11189-38,150/48 DTY 100% POLIESTER SD NIM C/G LAVANDA,0.0,1807.82,40.0,66.12,72312.8,119533.05840000001
HILFIL38413-20,150/48+20 DTY 100% POLIESTER SD TANG BLANCO,0.0,0.3,50.0,99.01,15.0,29.703
HILFIL11189-39,150/48 DTY 100% POLIESTER SD NIM C/G MILITAR,0.0,2133.5,40.0,71.92,85340.0,153441.32
HILFIL71636-34,150/48 DTY 100% POLIESTER SD NIM C/CH,0.0,310.38,77.0,77.72,23899.26,24122.7336
HILFIL71636-35,150/48 DTY 100% POLIESTER SD NIM C/CH GRIS,0.0,133.29,77.0,83.52,10263.33,11132.380799999999
HILFIL71636-36,150/48 DTY 100% POLIESTER SD NIM C/CH,0.0,181.48,77.0,83.52,13973.96,15157.209599999998
HILFIL71636-37,150/48 DTY 100% POLIESTER SD NIM C/CH ARENA,0.0,184.02,77.0,77.72,14169.54,14302.0344
HILFIL71636-38,150/48 DTY 100% POLIESTER SD NIM C/CH,0.0,65.39,77.0,77.72,5035.03,5082.1108
HILFIL71636-39,150/48 DTY 100% POLIESTER SD NIM C/CH MILITAR,0.0,189.67,77.0,83.52,14604.589999999998,15841.238399999998
HILFIL46741-32,150/144 DTY 100% POLIESTER RW SD SIM CRUDO,0.0,0.0,29.44,41.76,0.0,0.0
HILFIL45245-32,150/144/2 DTY 100% POLIESTER SD SIM CRUDO,0.0,0.0,30.6,41.76,0.0,0.0
HILFIL11189-40,150/48 DTY 100% POLIESTER SD NIM C/G VERDE,0.0,33.0,40.0,71.92,1320.0,2373.36
HILFIL71636-40,150/48 DTY 100% POLIESTER SD NIM C/CH VERDE,0.0,15.3,77.0,83.52,1178.1000000000001,1277.856
HILFIL71636-41,150/48 DTY 100% POLIESTER SD NIM C/CH ROSA,0.0,0.0,77.0,83.52,0.0,0.0
SINSIN36831,prueba pedimentos,0.0,0.0,12.0,15.0,0.0,0.0
HILFIL38413-32,150/48+20 DTY 100% POLIESTER SD TANG CRUDO,0.0,984.786,50.0,60.32,49239.299999999996,59402.29152
HILFIL61782-32,75/72 DTY 100% POLIESTER RW SD SIM CRUDO,0.0,0.0,27.12,42.92,0.0,0.0
HILFIL30257-21,150/48/2 DTY 100% POLIESTER SD HIM C/G NEGRO,0.0,3410.3,38.0,46.4,129591.40000000001,158237.92
HILFIL38413-23,150/48+20 DTY 100% POLIESTER SD TANG MARINO,0.0,54.93,50.0,111.0,2746.5,6097.23
HILFIL38413-26,150/48+20 DTY 100% POLIESTER SD TANG SUGAR,0.0,0.0,50.0,99.01,0.0,0.0
HILFIL38413-25,150/48+20 DTY 100% POLIESTER SD TANG ROJO 13,0.0,0.0,50.0,111.0,0.0,0.0
HILFIL18923-21,150/48/2 DTY 100% POLIESTER SD HIM C/CH,0.0,0.0,40.0,58.0,0.0,0.0
HILFIL81428-32,55/72 DTY 100% POLIESTER SD SIM CRUDO,0.0,0.0,39.88,49.88,0.0,0.0
HILFIL39532-32,HILO 75/72/2 DTY 100% POLIESTER RW SD SIM,0.0,0.0,0.0,0.0,0.0,0.0
HILFIL38413-22,150/48+20 DTY 100% POLIESTER SD TANG GRIS,0.0,0.0,50.0,111.0,0.0,0.0
HILFIL38413-27,150/48+20 DTY 100% POLIESTER SD TANG ROSA,0.0,0.0,50.0,107.0,0.0,0.0
HILFIL38413-24,150/48+20 DTY 100% POLIESTER SD TANG BEIGE,0.0,1.3,50.0,107.0,65.0,139.1
HILFIL38413-34,150/48+20 DTY 100% POLIESTER SD TANG,0.0,0.0,50.0,107.0,0.0,0.0
HILFIL38413-35,150/48+20 DTY 100% POLIESTER SD TANG GRIS,0.0,0.0,50.0,111.0,0.0,0.0
HILFIL38413-40,150/48+20 DTY 100% POLIESTER SD TANG VERDE,0.0,33.3,50.0,107.0,1664.9999999999998,3563.1
HILFIL38413-39,150/48+20 DTY 100% POLIESTER SD TANG MILITAR,0.0,0.0,50.0,111.0,0.0,0.0
HILFIL38413-38,150/48+20 DTY 100% POLIESTER SD TANG,0.0,0.0,50.0,107.0,0.0,0.0
HILFIL38413-37,150/48+20 DTY 100% POLIESTER SD TANG ARENA,0.0,1.4,50.0,107.0,70.0,149.79999999999998
HILFIL38413-36,150/48+20 DTY 100% POLIESTER SD TANG,0.0,0.0,50.0,111.0,0.0,0.0
HILFIL96063-42,150/36 DTY 100% POLIESTER SD HIM GRIS KOALA,0.0,430.79,36.4,51.04,15680.756,21987.5216
FILTAN76741-44,150/48+20 100% POL TANG VINO,0.0,7.5,55.0,58.0,412.5,435.0
HILFIL11189-41,150/48 DTY 100% POLIESTER SD NIM C/G ROSA,0.0,0.0,40.0,71.92,0.0,0.0
HILFIL55083-32,200/288 100% POL SIM CRUDO,0.0,0.0,27.12,40.0,0.0,0.0
FILCRU41467-32,150/48 DTY 100% POLIESTER SD HIM CRUDO,0.0,1269.5,38.0,44.08,48241.0,55959.56
FILCRU66048-32,150/48/2 100% POL TEX CRUDO,0.0,0.0,42.2,44.08,0.0,0.0
HILFIL66523-32,50/72 100% POL SIM CRUDO,0.0,0.0,38.28,42.92,0.0,0.0
FILCRU49991-32,75/36 DTY 100% POLIESTER SD NIM CRUDO,0.0,0.0,30.0,42.92,0.0,0.0
FILCRU66474-32,150/96 100% POL CRUDO,0.0,0.0,40.0,41.76,0.0,0.0
04OLIM0105,OLIMPICA BLANCO,0.0,1253.9,70.0,110.2,87773.0,138179.78000000003
04OLIM0348,OLIMPICA NEGRO,0.0,2908.1,70.0,121.8,203567.0,354206.57999999996
04OLIM0434,OLIMPICA ROJO,0.0,0.0,70.0,121.8,0.0,0.0
04OLIM0414,OLIMPICA REY,0.0,0.0,70.0,121.8,0.0,0.0
04OLIM0276,OLIMPICA MARINO,0.0,3421.8,70.0,121.8,239526.0,416775.24
04OLIM1854,OLIMPICA VINO,0.0,0.0,70.0,121.8,0.0,0.0
FILCRU88601-46,75/72/2 100% POL SIM ROYAL,0.0,0.0,0.0,0.0,0.0,0.0
DEPPAN92196,PANAMA BLANCO,0.0,0.0,70.0,110.2,0.0,0.0
FILCRU78594-18,75/36 100% POL TEX NEGRO,0.0,27.5,30.0,42.92,825.0,1180.3
SINSIN45417,LIKRA 20 SPANDEX,0.0,0.0,80.0,116.0,0.0,0.0
SINSIN49735,LIKRA 40 SPANDEX,0.0,0.0,80.0,127.6,0.0,0.0
HILFIL48714-32,100/96 DTY POLIESTER 100% RW SD SIM CRUDO,0.0,0.0,27.12,37.0,0.0,0.0
FILTAN88656-45,150/48+20 100% POL TANG BLANCO OPTICO T-286,0.0,116.87,55.0,58.0,6427.85,6778.46
DEPOLI44251,TORONTO BLANCO,0.0,4957.8,70.0,110.2,347046.0,546349.56
SINSIN95199,"HILO DTY NYLON 40/34 SD RW ""S""",0.0,0.0,0.0,104.4,0.0,0.0
SINSIN13496,"HILO DTY NYLON 40/34 SD RW ""Z""",0.0,0.0,0.0,104.4,0.0,0.0
SINSIN73620,LIKRA 70 SPANDEX,0.0,0.0,80.0,127.6,0.0,0.0
SINSIN37382,ROLLO VIEZ PIQUE ATLANTE POLIESTER 100%,0.0,0.0,0.0,133.0,0.0,0.0
HILFIL38413-33,150/48+20 DTY 100% POLIESTER SD TANG REY,0.0,74.26,50.0,59.16,3713.0000000000005,4393.2216
SINSIN28135,ACY 20/40/34/1 NYLON CRUDO TORSION Z,0.0,0.0,53.8,116.0,0.0,0.0
FILCRU10094,75/36 DTY 100% POLIESTER SD SIM,0.0,0.0,30.0,42.92,0.0,0.0
SINSIN39550,LIKRA ACY 20/40/34/1 NYLON CRUDO TORCION Z,0.0,0.0,80.0,116.0,0.0,0.0
FILCRU38980,150/48/2 100% POL SIM,0.0,12620.0,40.0,42.92,504800.0,541650.4
SINSIN55626,HILO 30/1 POLIESTER 100% BLANCO OPTICO,0.0,0.0,0.0,56.84,0.0,0.0
SINSIN59699,HILO POLIESTER SDRW 50/24/1 FDY,0.0,0.0,0.0,40.6,0.0,0.0
FILCRU76635,150/48/2 HIM DDB POLIESTER 100% DTY,0.0,0.0,40.0,40.6,0.0,0.0
FILCRU77702,HILO 100/144 DTY 100% POLIESTER RW SD SIM,0.0,0.0,0.0,0.0,0.0,0.0
HILACR93885,ACRLICO 1/28 BLANCO,0.0,0.0,0.0,0.0,0.0,0.0
DEPPAR96681,PARAGUAY BLANCO,0.0,16328.7,70.0,106.72,1143009.0,1742598.864
HILACR29104,ACRLICO 2/28 OXFORD,0.0,0.0,0.0,0.0,0.0,0.0
HILACR28441,ACRLICO 2/28 NEGRO,0.0,0.0,0.0,0.0,0.0,0.0
HILACR84195,ACRLICO 2/28 SESAME,0.0,0.0,0.0,0.0,0.0,0.0
FILCRU19501,HILO 75/144/2 DTY 100% POLIESTER RW SD SIM,0.0,0.0,0.0,0.0,0.0,0.0
DEPOLI49272,PIQUE VERA BLANCO,0.0,0.0,70.0,86.0,0.0,0.0
FILCRU38383,HILO 75/144 DTY 100% POLIESTER RW SD SIM,0.0,0.0,0.0,0.0,0.0,0.0
HILFIL32961,20/1 POL MONOFILAMENTO 280,0.0,0.0,0.0,61.48,0.0,0.0
DEPOLI79231,TORONTO NEGRO,0.0,0.0,70.0,121.8,0.0,0.0
DEPOLI32296,TORONTO MARINO NAVY,0.0,0.0,70.0,121.8,0.0,0.0
DEPOLI36031,TORONTO ROJO,0.0,0.0,70.0,121.8,0.0,0.0
DEPOLI25680,PANAMA NEGRO,0.0,0.0,70.0,121.8,0.0,0.0
DEPOLI71835,PANAMA MARINO CLARO,0.0,0.0,70.0,121.8,0.0,0.0
DEPOLI69948,PANAMA MARINO NAVY,0.0,0.0,70.0,121.8,0.0,0.0
SINSIN49549,HILO POLIESTER SDRW 45/24 FDY,0.0,0.0,0.0,40.6,0.0,0.0
SINSIN79991,HILO POLIESTER SDRW 75/36 FDY,0.0,0.0,0.0,42.92,0.0,0.0
SINSIN45484,LIKRA 55 SPANDEX,0.0,0.0,80.0,116.0,0.0,0.0
FILTAN19534,150/48+20 DTY TANGLEADO SD GRIS OBSCURO,0.0,75.62,40.0,63.8,3024.8,4824.5560000000005
FILCRU80555,75/36 DTY 100% POLIESTER SD HIM,0.0,0.0,30.0,42.92,0.0,0.0
HILFIL23006,75/72 DTY 100% POLIESTER SIM CD BR RW,0.0,0.0,27.12,58.0,0.0,0.0
FILCRU16773,75/36 DTY 100% POLIESTER SD SIM URDIDO,0.0,0.0,30.0,42.92,0.0,0.0
HILFIL54332,150/48 DTY 100% POLIESTER SD NIM C/G CAFE,0.0,3014.6,40.0,66.12,120584.0,199325.352
FELTEL65940,FELPA SPUN 100% POLIESTER BLANCO,0.0,0.0,0.0,0.0,0.0,0.0
FELTEL86316,FELPA SPUN 100% POLIESTER MARINO,0.0,0.0,0.0,0.0,0.0,0.0
FELTEL84677,FELPA SPUN 100% POLIESTER NEGRO,0.0,0.0,0.0,0.0,0.0,0.0
HILFIL13937,150/48 DTY 100% POLIESTER SD NIM C/CH CAFE,0.0,0.0,40.0,66.12,0.0,0.0
HILFIL27967,150/288 DTY 100% POLIESTER RW SD SIM CRUDO,0.0,0.0,38.28,41.76,0.0,0.0
DEPOLI12189,JACQUARD 162 BLANCO,0.0,0.0,100.0,125.0,0.0,0.0
