clave,desc,exist_parcial,existencia,precio_c,precio_v,valor_costo,valor_venta
HILFIL19661-21,150/48 DTY 100% POLIESTER SD NIM C/CH NEGRO,0.0,636.66,40.0,56.84,25466.4,36187.75
HILFIL81173-21,150/48 DTY 100% POLIESTER SD NIM C/G NEGRO,0.0,7146.1,30.0,45.24,214383.0,323289.56
HILFIL64105-21,150/48 DTY 100% POLIESTER SD HIM C/G NEGRO,0.0,1368.87,34.0,46.4,46541.58,63515.57
HILFIL96421-21,150/48 DTY 100% POLIESTER SD HIM C/CH NEGRO,0.0,16.61,53.8,58.0,893.62,963.38
HILFIL11189-22,150/48 DTY 100% POLIESTER SD NIM C/G GRIS,0.0,4650.4,40.0,71.92,186016.0,334456.77
HILFIL11189-23,150/48 DTY 100% POLIESTER SD NIM C/G MARINO,0.0,2244.73,40.0,71.92,89789.2,161440.98
HILFIL11189-24,150/48 DTY 100% POLIESTER SD NIM C/G BEIGE VAL,0.0,626.69,40.0,66.12,25067.6,41436.74
HILFIL11189-25,150/48 DTY 100% POLIESTER SD NIM C/G ROJO 13,0.0,1055.71,40.0,71.92,42228.4,75926.66
HILFIL11189-26,150/48 DTY 100% POLIESTER SD NIM C/G SUGAR,0.0,2480.38,40.0,66.12,99215.2,164002.73
HILFIL11189-27,150/48 DTY 100% POLIESTER SD NIM C/G ROSA,0.0,1258.95,40.0,66.12,50358.0,83241.77
HILFIL71636-22,150/48 DTY 100% POLIESTER SD NIM C/CH GRIS,0.0,0.0,77.0,83.52,0.0,0.0
HILFIL71636-23,150/48 DTY 100% POLIESTER SD NIM C/CH MARINO,0.0,817.71,77.0,83.52,62963.67,68295.14
HILFIL71636-24,150/48 DTY 100% POLIESTER SD NIM C/CH BEIGE,0.0,605.77,77.0,77.72,46644.29,47080.44
HILFIL71636-25,150/48 DTY 100% POLIESTER SD NIM C/CH ROJO 13,0.0,222.25,77.0,83.52,17113.25,18562.32
HILFIL71636-26,150/48 DTY 100% POLIESTER SD NIM C/CH SUGAR,0.0,26.95,77.0,77.72,2075.15,2094.55
HILFIL71636-27,150/48 DTY 100% POLIESTER SD NIM C/CH ROSA,0.0,102.72,77.0,77.72,7909.44,7983.4
HILFIL11189-28,150/48 DTY 100% POLIESTER SD NIM C/G,0.0,0.0,40.0,71.92,0.0,0.0
HILFIL11189-29,150/48 DTY 100% POLIESTER SD NIM C/G FIUSHA,0.0,1647.17,40.0,71.92,65886.8,118464.47
HILFIL71636-29,150/48 DTY 100% POLIESTER SD NIM C/CH FIUSHA,0.0,343.56,77.0,83.52,26454.12,28694.13
HILFIL71636-28,150/48 DTY 100% POLIESTER SD NIM C/CH,0.0,0.0,77.0,83.52,0.0,0.0
HILFIL71636-30,150/48 DTY 100% POLIESTER SD NIM C/CH MARINO,0.0,0.0,77.0,83.52,0.0,0.0
HILFIL11189-30,150/48 DTY 100% POLIESTER SD NIM C/G MARINO,0.0,11.7,40.0,71.92,468.0,841.46
HILFIL11189-31,150/48 DTY 100% POLIESTER SD NIM C/G CANARIO,0.0,0.0,40.0,71.92,0.0,0.0
HILFIL71636-31,150/48 DTY 100% POLIESTER SD NIM C/CH,0.0,0.0,77.0,83.52,0.0,0.0
HILFIL32519-32,150/48 DTY 100% POLIESTER SD NIM CRUDO,0.0,19912.6,35.0,42.92,696941.0,854648.79
HILFIL48080-32,150/48/2 DTY 100% POLIESTER SD HIM CRUDO,0.0,42.08,40.0,45.24,1683.2,1903.7
HILFIL71636-33,150/48 DTY 100% POLIESTER SD NIM C/CH REY,0.0,174.37,77.0,83.52,13426.49,14563.38
HILFIL11189-33,150/48 DTY 100% POLIESTER SD NIM C/G REY,0.0,1595.5,40.0,71.92,63820.0,114748.36
HILFIL38413-21,150/48+20 DTY 100% POLIESTER SD TANG NEGRO,0.0,10126.4599,50.0,61.48,506322.99,622574.75
HILFIL24576-20,150/48 DTY 100% POLIESTER SD NIM C/CH BLANCO,0.0,0.27,59.6,64.96,16.09,17.54
HILFIL17721-20,150/48 DTY 100% POLIESTER SD NIM C/G BLANCO,0.0,4.5,40.0,53.36,180.0,240.12
HILFIL11189-34,150/48 DTY 100% POLIESTER SD NIM C/G,0.0,1368.37,40.0,66.12,54734.8,90476.62
HILFIL11189-35,150/48 DTY 100% POLIESTER SD NIM C/G GRIS,0.0,1964.11,40.0,71.92,78564.4,141258.79
HILFIL11189-36,150/48 DTY 100% POLIESTER SD NIM C/G GRANATE,0.0,3966.62,40.0,71.92,158664.8,285279.31
HILFIL11189-37,150/48 DTY 100% POLIESTER SD NIM C/G ARENA,0.0,1157.73,40.0,66.12,46309.2,76549.11
HILFIL11189-38,150/48 DTY 100% POLIESTER SD NIM C/G LAVANDA,0.0,1807.82,40.0,66.12,72312.8,119533.06
HILFIL38413-20,150/48+20 DTY 100% POLIESTER SD TANG BLANCO,0.0,0.3,50.0,99.01,15.0,29.7
HILFIL11189-39,150/48 DTY 100% POLIESTER SD NIM C/G MILITAR,0.0,2133.5,40.0,71.92,85340.0,153441.32
HILFIL71636-34,150/48 DTY 100% POLIESTER SD NIM C/CH,0.0,310.38,77.0,77.72,23899.26,24122.73
HILFIL71636-35,150/48 DTY 100% POLIESTER SD NIM C/CH GRIS,0.0,133.29,77.0,83.52,10263.33,11132.38
HILFIL71636-36,150/48 DTY 100% POLIESTER SD NIM C/CH,0.0,181.48,77.0,83.52,13973.96,15157.21
HILFIL71636-37,150/48 DTY 100% POLIESTER SD NIM C/CH ARENA,0.0,184.02,77.0,77.72,14169.54,14302.03
HILFIL71636-38,150/48 DTY 100% POLIESTER SD NIM C/CH,0.0,65.39,77.0,77.72,5035.03,5082.11
HILFIL71636-39,150/48 DTY 100% POLIESTER SD NIM C/CH MILITAR,0.0,189.67,77.0,83.52,14604.59,15841.24
HILFIL46741-32,150/144 DTY 100% POLIESTER RW SD SIM CRUDO,0.0,0.0,29.44,41.76,0.0,0.0
HILFIL45245-32,150/144/2 DTY 100% POLIESTER SD SIM CRUDO,0.0,0.0,30.6,41.76,0.0,0.0
HILFIL11189-40,150/48 DTY 100% POLIESTER SD NIM C/G VERDE,0.0,33.0,40.0,71.92,1320.0,2373.36
HILFIL71636-40,150/48 DTY 100% POLIESTER SD NIM C/CH VERDE,0.0,15.3,77.0,83.52,1178.1,1277.86
HILFIL71636-41,150/48 DTY 100% POLIESTER SD NIM C/CH ROSA,0.0,0.0,77.0,83.52,0.0,0.0
SINSIN36831,prueba pedimentos,0.0,0.0,12.0,15.0,0.0,0.0
HILFIL38413-32,150/48+20 DTY 100% POLIESTER SD TANG CRUDO,0.0,984.786,50.0,60.32,49239.3,59402.29
HILFIL61782-32,75/72 DTY 100% POLIESTER RW SD SIM CRUDO,0.0,0.0,27.12,42.92,0.0,0.0
HILFIL30257-21,150/48/2 DTY 100% POLIESTER SD HIM C/G NEGRO,0.0,3410.3,38.0,46.4,129591.4,158237.92
HILFIL38413-23,150/48+20 DTY 100% POLIESTER SD TANG MARINO,0.0,54.93,50.0,111.0,2746.5,6097.23
HILFIL38413-26,150/48+20 DTY 100% POLIESTER SD TANG SUGAR,0.0,0.0,50.0,99.01,0.0,0.0
HILFIL38413-25,150/48+20 DTY 100% POLIESTER SD TANG ROJO 13,0.0,0.0,50.0,111.0,0.0,0.0
HILFIL18923-21,150/48/2 DTY 100% POLIESTER SD HIM C/CH,0.0,0.0,40.0,58.0,0.0,0.0
HILFIL81428-32,55/72 DTY 100% POLIESTER SD SIM CRUDO,0.0,0.0,39.88,49.88,0.0,0.0
HILFIL39532-32,HILO 75/72/2 DTY 100% POLIESTER RW SD SIM,0.0,0.0,0.0,0.0,0.0,0.0
HILFIL38413-22,150/48+20 DTY 100% POLIESTER SD TANG GRIS,0.0,0.0,50.0,111.0,0.0,0.0
HILFIL38413-27,150/48+20 DTY 100% POLIESTER SD TANG ROSA,0.0,0.0,50.0,107.0,0.0,0.0
HILFIL38413-24,150/48+20 DTY 100% POLIESTER SD TANG BEIGE,0.0,1.3,50.0,107.0,65.0,139.1
HILFIL38413-34,150/48+20 DTY 100% POLIESTER SD TANG,0.0,0.0,50.0,107.0,0.0,0.0
HILFIL38413-35,150/48+20 DTY 100% POLIESTER SD TANG GRIS,0.0,0.0,50.0,111.0,0.0,0.0
HILFIL38413-40,150/48+20 DTY 100% POLIESTER SD TANG VERDE,0.0,33.3,50.0,107.0,1665.0,3563.1
HILFIL38413-39,150/48+20 DTY 100% POLIESTER SD TANG MILITAR,0.0,0.0,50.0,111.0,0.0,0.0
HILFIL38413-38,150/48+20 DTY 100% POLIESTER SD TANG,0.0,0.0,50.0,107.0,0.0,0.0
HILFIL38413-37,150/48+20 DTY 100% POLIESTER SD TANG ARENA,0.0,1.4,50.0,107.0,70.0,149.8
HILFIL38413-36,150/48+20 DTY 100% POLIESTER SD TANG,0.0,0.0,50.0,111.0,0.0,0.0
HILFIL96063-42,150/36 DTY 100% POLIESTER SD HIM GRIS KOALA,0.0,430.79,36.4,51.04,15680.76,21987.52
FILTEÑ33174-43,150/48 DTY 100% POLIESTER SD NIM C/G VINO,0.0,1156.94,40.0,69.6,46277.6,80523.02
FILTAN76741-44,150/48+20 100% POL TANG VINO,0.0,7.5,55.0,58.0,412.5,435.0
FILTEÑ90476-43,150/48 100% POL TEX C/CH VINO T042-306,0.0,97.53,77.0,83.52,7509.81,8145.71
FILTEÑ98711-45,150/48 DTY 100% POLIESTER SD NIM C/G BLANCO,0.0,9876.6236,40.0,58.0,395064.94,572844.17
FILTEÑ91356-45,150/48 100% POL TEX C/CH BLANCO OPTICO T-286,0.0,0.0,40.0,69.6,0.0,0.0
HILFIL11189-41,150/48 DTY 100% POLIESTER SD NIM C/G ROSA,0.0,0.0,40.0,71.92,0.0,0.0
HILFIL55083-32,200/288 100% POL SIM CRUDO,0.0,0.0,27.12,40.0,0.0,0.0
FILCRU41467-32,150/48 DTY 100% POLIESTER SD HIM CRUDO,0.0,1269.5,38.0,44.08,48241.0,55959.56
FILCRU66048-32,150/48/2 100% POL TEX CRUDO,0.0,0.0,42.2,44.08,0.0,0.0
HILFIL66523-32,50/72 100% POL SIM CRUDO,0.0,0.0,38.28,42.92,0.0,0.0
FILCRU49991-32,75/36 DTY 100% POLIESTER SD NIM CRUDO,0.0,0.0,30.0,42.92,0.0,0.0
FILCRU66474-32,150/96 100% POL CRUDO,0.0,0.0,40.0,41.76,0.0,0.0
04OLIM0105,OLIMPICA BLANCO,0.0,1253.9,70.0,110.2,87773.0,138179.78
04OLIM0348,OLIMPICA NEGRO,0.0,2908.1,70.0,121.8,203567.0,354206.58
04OLIM0434,OLIMPICA ROJO,0.0,0.0,70.0,121.8,0.0,0.0
04OLIM0414,OLIMPICA REY,0.0,0.0,70.0,121.8,0.0,0.0
04OLIM0276,OLIMPICA MARINO,0.0,3421.8,70.0,121.8,239526.0,416775.24
04OLIM1854,OLIMPICA VINO,0.0,0.0,70.0,121.8,0.0,0.0
FILCRU88601-46,75/72/2 100% POL SIM ROYAL,0.0,0.0,0.0,0.0,0.0,0.0
FILTEÑ58991-21,300/96 DTY 100% POLIESTER SD NIM C/G NEGRO,0.0,3557.7,30.0,44.08,106731.0,156823.42
DEPPAN92196,PANAMA BLANCO,0.0,0.0,70.0,110.2,0.0,0.0
FILCRU78594-18,75/36 100% POL TEX NEGRO,0.0,27.5,30.0,42.92,825.0,1180.3
SINSIN45417,LIKRA 20 SPANDEX,0.0,0.0,80.0,116.0,0.0,0.0
FILTEÑ76663-47,150/48 DTY 100% POLIESTER SD NIM C/G DOBLE,0.0,698.92,30.0,53.36,20967.6,37294.37
FILTEÑ37833-47,150/48 100% POL TEX C/CH DOBLE BLACK,0.0,2.835,53.8,64.96,152.52,184.16
SINSIN49735,LIKRA 40 SPANDEX,0.0,0.0,80.0,127.6,0.0,0.0
HILFIL48714-32,100/96 DTY POLIESTER 100% RW SD SIM CRUDO,0.0,0.0,27.12,37.0,0.0,0.0
FILTAN88656-45,150/48+20 100% POL TANG BLANCO OPTICO T-286,0.0,116.87,55.0,58.0,6427.85,6778.46
DEPOLI44251,TORONTO BLANCO,0.0,4957.8,70.0,110.2,347046.0,546349.56
FILTEÑ14120,150/48 DTY 100% POLIESTER SD NIM C/G SUGAR,0.0,289.8,40.0,66.12,11592.0,19161.58
SINSIN95199,"HILO DTY NYLON 40/34 SD RW ""S""",0.0,0.0,0.0,104.4,0.0,0.0
SINSIN13496,"HILO DTY NYLON 40/34 SD RW ""Z""",0.0,0.0,0.0,104.4,0.0,0.0
SINSIN73620,LIKRA 70 SPANDEX,0.0,0.0,80.0,127.6,0.0,0.0
FILTEÑ37206,150/48 DTY 100% POLIESTER SD NIM C/G LATTE,0.0,45.82,40.0,66.12,1832.8,3029.62
FILTEÑ90940,150/48 DTY 100% POLIESTER SD NIM C/CH LATTE,0.0,0.41,70.0,77.72,28.7,31.87
FILTEÑ91947,150/48 100% POL TEX C/G BLANCO OPT-093,0.0,312.5219,40.0,58.0,12500.88,18126.27
SINSIN37382,ROLLO VIEZ PIQUE ATLANTE POLIESTER 100%,0.0,0.0,0.0,133.0,0.0,0.0
HILFIL38413-33,150/48+20 DTY 100% POLIESTER SD TANG REY,0.0,74.26,50.0,59.16,3713.0,4393.22
FILTEÑ50969,300/96 100% POLIESTER NIM DTY CRUDO,0.0,0.0,30.0,44.08,0.0,0.0
SINSIN28135,ACY 20/40/34/1 NYLON CRUDO TORSION Z,0.0,0.0,53.8,116.0,0.0,0.0
FILCRU10094,75/36 DTY 100% POLIESTER SD SIM,0.0,0.0,30.0,42.92,0.0,0.0
SINSIN39550,LIKRA ACY 20/40/34/1 NYLON CRUDO TORCION Z,0.0,0.0,80.0,116.0,0.0,0.0
FILCRU38980,150/48/2 100% POL SIM,0.0,12620.0,40.0,42.92,504800.0,541650.4
SINSIN55626,HILO 30/1 POLIESTER 100% BLANCO OPTICO,0.0,0.0,0.0,56.84,0.0,0.0
FILTEÑ74012,300/96 100% POL TEX C/CH NEGRO,0.0,0.0,53.8,55.68,0.0,0.0
SINSIN59699,HILO POLIESTER SDRW 50/24/1 FDY,0.0,0.0,0.0,40.6,0.0,0.0
FILCRU76635,150/48/2 HIM DDB POLIESTER 100% DTY,0.0,0.0,40.0,40.6,0.0,0.0
FILCRU77702,HILO 100/144 DTY 100% POLIESTER RW SD SIM,0.0,0.0,0.0,0.0,0.0,0.0
HILACR93885,ACRLICO 1/28 BLANCO,0.0,0.0,0.0,0.0,0.0,0.0
DEPPAR96681,PARAGUAY BLANCO,0.0,15836.3,70.0,106.72,1108541.0,1690049.94
HILACR29104,ACRLICO 2/28 OXFORD,0.0,0.0,0.0,0.0,0.0,0.0
HILACR28441,ACRLICO 2/28 NEGRO,0.0,0.0,0.0,0.0,0.0,0.0
HILACR84195,ACRLICO 2/28 SESAME,0.0,0.0,0.0,0.0,0.0,0.0
FILCRU19501,HILO 75/144/2 DTY 100% POLIESTER RW SD SIM,0.0,0.0,0.0,0.0,0.0,0.0
DEPOLI49272,PIQUE VERA BLANCO,0.0,0.0,70.0,86.0,0.0,0.0
FILCRU38383,HILO 75/144 DTY 100% POLIESTER RW SD SIM,0.0,0.0,0.0,0.0,0.0,0.0
HILFIL32961,20/1 POL MONOFILAMENTO 280,0.0,0.0,0.0,61.48,0.0,0.0
DEPOLI79231,TORONTO NEGRO,0.0,0.0,70.0,121.8,0.0,0.0
DEPOLI32296,TORONTO MARINO NAVY,0.0,0.0,70.0,121.8,0.0,0.0
DEPOLI36031,TORONTO ROJO,0.0,0.0,70.0,121.8,0.0,0.0
DEPOLI25680,PANAMA NEGRO,0.0,0.0,70.0,121.8,0.0,0.0
DEPOLI71835,PANAMA MARINO CLARO,0.0,0.0,70.0,121.8,0.0,0.0
DEPOLI69948,PANAMA MARINO NAVY,0.0,0.0,70.0,121.8,0.0,0.0
SINSIN49549,HILO POLIESTER SDRW 45/24 FDY,0.0,0.0,0.0,40.6,0.0,0.0
SINSIN79991,HILO POLIESTER SDRW 75/36 FDY,0.0,0.0,0.0,42.92,0.0,0.0
FILTEÑ15550,150/48 DTY 100% POLIESTER SD NIM C/G GRIS,0.0,10307.15,40.0,71.92,412286.0,741290.23
FILTEÑ78202,150/48 DTY 100% POLIESTER SD NIM C/G TRIGO,0.0,2694.05,40.0,66.12,107762.0,178130.59
FILTEÑ63562,150/48 DTY 100% POLIESTER SD NIM C/CH TRIGO,0.0,479.68,40.0,77.72,19187.2,37280.73
FILTEÑ44237,150/48 100% POL TANG LATTE M6044,0.0,29.46,40.0,53.36,1178.4,1571.99
SINSIN45484,LIKRA 55 SPANDEX,0.0,0.0,80.0,116.0,0.0,0.0
FILTEÑ56750,150/48 DTY 100% POLIESTER SD NIM C/CH GRIS,0.0,77.18,40.0,77.72,3087.2,5998.43
FILTAN19534,150/48+20 DTY TANGLEADO SD GRIS OBSCURO,0.0,75.62,40.0,63.8,3024.8,4824.56
FILCRU80555,75/36 DTY 100% POLIESTER SD HIM,0.0,0.0,30.0,42.92,0.0,0.0
HILFIL23006,75/72 DTY 100% POLIESTER SIM CD BR RW,0.0,0.0,27.12,58.0,0.0,0.0
FILCRU16773,75/36 DTY 100% POLIESTER SD SIM URDIDO,0.0,0.0,30.0,42.92,0.0,0.0
HILFIL54332,150/48 DTY 100% POLIESTER SD NIM C/G CAFE,0.0,3014.6,40.0,66.12,120584.0,199325.35
FELTEL65940,FELPA SPUN 100% POLIESTER BLANCO,0.0,0.0,0.0,0.0,0.0,0.0
FELTEL86316,FELPA SPUN 100% POLIESTER MARINO,0.0,0.0,0.0,0.0,0.0,0.0
FELTEL84677,FELPA SPUN 100% POLIESTER NEGRO,0.0,0.0,0.0,0.0,0.0,0.0
HILFIL13937,150/48 DTY 100% POLIESTER SD NIM C/CH CAFE,0.0,0.0,40.0,66.12,0.0,0.0
HILFIL27967,150/288 DTY 100% POLIESTER RW SD SIM CRUDO,0.0,0.0,38.28,41.76,0.0,0.0
DEPOLI12189,JACQUARD 162 BLANCO,0.0,0.0,100.0,125.0,0.0,0.0
